version,precision_macro,recall_macro,f1_macro,accuracy,pred_dist,correct
Submit1,0.8266666666666667,0.638888888888889,0.6345168698109874,0.6388888888888888,"{1: 25, 2: 6, 3: 5}",23
Submit2,0.6349206349206349,0.49999999999999994,0.5051282051282051,0.5,"{1: 18, 2: 14, 3: 4}",18
Submit3,0.5901116427432217,0.47222222222222227,0.49618201651862237,0.4722222222222222,"{1: 19, 2: 6, 3: 11}",17
With2_LR,0.8484848484848485,0.7222222222222223,0.7049910873440286,0.7222222222222222,"{1: 22, 2: 10, 3: 4}",26
With2_RF,0.6953748006379584,0.638888888888889,0.6252142745831385,0.6388888888888888,"{1: 11, 2: 19, 3: 6}",23
With2_Ensemble,0.6984126984126983,0.611111111111111,0.5871794871794872,0.6111111111111112,"{1: 14, 2: 18, 3: 4}",22
